[{"pk": 1, "model": "cmplatform.application", "fields": {"name": "Sample: Word Counter", "url": "http://bioinfo.ucr.edu/", "input_type": "text", "output_type": "text", "contact": "ycao@bioinfo.ucr.edu", "input_separator": "\\n", "owner": "Eddie Cao", "date_added": "2008-12-01 14:48:32", "invoking_url": "http://bioinfo.ucr.edu/~ycao/sampleapp/sample.cgi"}}, {"pk": 2, "model": "cmplatform.application", "fields": {"name": "Sample: SDF Compound Counter", "url": "http://bioinfo.ucr.edu/", "input_type": "sdf", "output_type": "text", "contact": "ycao@bioinfo.ucr.edu", "input_separator": "\\n", "owner": "Eddie Cao", "date_added": "2008-12-01 14:49:34", "invoking_url": "http://bioinfo.ucr.edu/~ycao/sampleapp/sdfcount.cgi"}}, {"pk": 3, "model": "cmplatform.application", "fields": {"name": "SMILES to SDF", "url": "http://bioinfo.ucr.edu/~ycao", "input_type": "text", "output_type": "sdf", "contact": "ycao@bioinfo.ucr.edu", "input_separator": "\\n", "owner": "Eddie", "date_added": "2008-12-21 21:45:08", "invoking_url": "http://bioinfo.ucr.edu/~ycao/sampleapp/smitosdf.cgi"}}, {"pk": 1, "model": "cmplatform.runningapplication", "fields": {"status": 3, "stdout": "\n OpenBabel1222D\n\n  6  5  0  0  0  0  0  0  0  0999 V2000\n    0.0000    0.0000    0.0000 C   0  0  0  0  0\n    0.0000    0.0000    0.0000 C   0  0  0  0  0\n    0.0000    0.0000    0.0000 C   0  0  0  0  0\n    0.0000    0.0000    0.0000 C   0  0  0  0  0\n    0.0000    0.0000    0.0000 C   0  0  0  0  0\n    0.0000    0.0000    0.0000 C   0  0  0  0  0\n  1  2  2  0  0  0\n  2  3  1  0  0  0\n  3  4  2  0  0  0\n  4  5  1  0  0  0\n  5  6  2  0  0  0\nM  END\n", "start_time": "2008-12-21 21:45:21", "stdin": "cccccc", "application": 3, "token": "5156d040-dc1e-46c3-b470-d2680459fd81", "user": 1, "stop_time": "2008-12-21 21:45:22"}}, {"pk": 2, "model": "cmplatform.runningapplication", "fields": {"status": 3, "stdout": "", "start_time": "2008-12-21 21:47:06", "stdin": "\n OpenBabel1222D\n\n  6  5  0  0  0  0  0  0  0  0999 V2000\n    0.0000    0.0000    0.0000 C   0  0  0  0  0\n    0.0000    0.0000    0.0000 C   0  0  0  0  0\n    0.0000    0.0000    0.0000 C   0  0  0  0  0\n    0.0000    0.0000    0.0000 C   0  0  0  0  0\n    0.0000    0.0000    0.0000 C   0  0  0  0  0\n    0.0000    0.0000    0.0000 C   0  0  0  0  0\n  1  2  2  0  0  0\n  2  3  1  0  0  0\n  3  4  2  0  0  0\n  4  5  1  0  0  0\n  5  6  2  0  0  0\nM  END\n", "application": 2, "token": "01d86b30-c0e3-46a4-b96f-df045fdad6f8", "user": 1, "stop_time": "2008-12-21 21:47:08"}}, {"pk": 3, "model": "cmplatform.runningapplication", "fields": {"status": 3, "stdout": "     16      98     454\n", "start_time": "2008-12-21 21:51:56", "stdin": "\n OpenBabel1222D\n\n  6  5  0  0  0  0  0  0  0  0999 V2000\n    0.0000    0.0000    0.0000 C   0  0  0  0  0\n    0.0000    0.0000    0.0000 C   0  0  0  0  0\n    0.0000    0.0000    0.0000 C   0  0  0  0  0\n    0.0000    0.0000    0.0000 C   0  0  0  0  0\n    0.0000    0.0000    0.0000 C   0  0  0  0  0\n    0.0000    0.0000    0.0000 C   0  0  0  0  0\n  1  2  2  0  0  0\n  2  3  1  0  0  0\n  3  4  2  0  0  0\n  4  5  1  0  0  0\n  5  6  2  0  0  0\nM  END\n", "application": 1, "token": "ac5f37bc-2f7f-4b1b-a710-323f551d7b6b", "user": 1, "stop_time": "2008-12-21 21:51:57"}}, {"pk": 4, "model": "cmplatform.runningapplication", "fields": {"status": 3, "stdout": "", "start_time": "2008-12-21 22:01:05", "stdin": "\n OpenBabel1222D\n\n  6  5  0  0  0  0  0  0  0  0999 V2000\n    0.0000    0.0000    0.0000 C   0  0  0  0  0\n    0.0000    0.0000    0.0000 C   0  0  0  0  0\n    0.0000    0.0000    0.0000 C   0  0  0  0  0\n    0.0000    0.0000    0.0000 C   0  0  0  0  0\n    0.0000    0.0000    0.0000 C   0  0  0  0  0\n    0.0000    0.0000    0.0000 C   0  0  0  0  0\n  1  2  2  0  0  0\n  2  3  1  0  0  0\n  3  4  2  0  0  0\n  4  5  1  0  0  0\n  5  6  2  0  0  0\nM  END\n", "application": 2, "token": "c62c46d6-5cff-4dc2-a25f-007eb447237c", "user": 1, "stop_time": "2008-12-21 22:01:06"}}, {"pk": 5, "model": "cmplatform.runningapplication", "fields": {"status": 3, "stdout": "", "start_time": "2008-12-21 22:01:54", "stdin": "\n OpenBabel1222D\n\n  6  5  0  0  0  0  0  0  0  0999 V2000\n    0.0000    0.0000    0.0000 C   0  0  0  0  0\n    0.0000    0.0000    0.0000 C   0  0  0  0  0\n    0.0000    0.0000    0.0000 C   0  0  0  0  0\n    0.0000    0.0000    0.0000 C   0  0  0  0  0\n    0.0000    0.0000    0.0000 C   0  0  0  0  0\n    0.0000    0.0000    0.0000 C   0  0  0  0  0\n  1  2  2  0  0  0\n  2  3  1  0  0  0\n  3  4  2  0  0  0\n  4  5  1  0  0  0\n  5  6  2  0  0  0\nM  END\n", "application": 2, "token": "ae0655c7-ccd1-45eb-9ef8-8b09640175d0", "user": 1, "stop_time": "2008-12-21 22:01:56"}}, {"pk": 6, "model": "cmplatform.runningapplication", "fields": {"status": 3, "stdout": "\n OpenBabel1222D\n\n  5  4  0  0  0  0  0  0  0  0999 V2000\n    0.0000    0.0000    0.0000 C   0  0  0  0  0\n    0.0000    0.0000    0.0000 C   0  0  0  0  0\n    0.0000    0.0000    0.0000 C   0  0  0  0  0\n    0.0000    0.0000    0.0000 C   0  0  0  0  0\n    0.0000    0.0000    0.0000 C   0  0  0  0  0\n  1  2  1  0  0  0\n  2  3  1  0  0  0\n  3  4  1  0  0  0\n  4  5  1  0  0  0\nM  END\n", "start_time": "2008-12-21 22:03:23", "stdin": "CCCCC", "application": 3, "token": "6b280651-8883-4332-aa97-96d122c69bab", "user": 1, "stop_time": "2008-12-21 22:03:25"}}, {"pk": 7, "model": "cmplatform.runningapplication", "fields": {"status": 3, "stdout": "     14      83     386\n", "start_time": "2008-12-21 22:03:42", "stdin": "\n OpenBabel1222D\n\n  5  4  0  0  0  0  0  0  0  0999 V2000\n    0.0000    0.0000    0.0000 C   0  0  0  0  0\n    0.0000    0.0000    0.0000 C   0  0  0  0  0\n    0.0000    0.0000    0.0000 C   0  0  0  0  0\n    0.0000    0.0000    0.0000 C   0  0  0  0  0\n    0.0000    0.0000    0.0000 C   0  0  0  0  0\n  1  2  1  0  0  0\n  2  3  1  0  0  0\n  3  4  1  0  0  0\n  4  5  1  0  0  0\nM  END\n", "application": 1, "token": "abfccb16-6cbd-4b2f-a48c-38f222df0249", "user": 1, "stop_time": "2008-12-21 22:03:43"}}, {"pk": 8, "model": "cmplatform.runningapplication", "fields": {"status": 3, "stdout": "\n OpenBabel1222D\n\n  5  4  0  0  0  0  0  0  0  0999 V2000\n    0.0000    0.0000    0.0000 C   0  0  0  0  0\n    0.0000    0.0000    0.0000 C   0  0  0  0  0\n    0.0000    0.0000    0.0000 C   0  0  0  0  0\n    0.0000    0.0000    0.0000 C   0  0  0  0  0\n    0.0000    0.0000    0.0000 C   0  0  0  0  0\n  1  2  1  0  0  0\n  2  3  1  0  0  0\n  3  4  1  0  0  0\n  4  5  1  0  0  0\nM  END\n", "start_time": "2008-12-21 22:05:38", "stdin": "CCCCC\r\n\r\n", "application": 3, "token": "4d6143dd-d9a6-4d12-801b-6fc616488f09", "user": 1, "stop_time": "2008-12-21 22:05:40"}}, {"pk": 4, "model": "cmplatform.userobject", "fields": {"name": "test", "source_class": null, "date_modified": "2008-12-02 23:45:55", "value": "abcdefgegef", "source": null, "owner": 1, "date_added": "2008-12-02 23:45:55", "type": "text"}}, {"pk": 5, "model": "cmplatform.userobject", "fields": {"name": "test", "source_class": null, "date_modified": "2008-12-02 23:47:42", "value": "abcdfegedcf", "source": null, "owner": 1, "date_added": "2008-12-02 23:47:42", "type": "text"}}, {"pk": 6, "model": "cmplatform.userobject", "fields": {"name": "test", "source_class": null, "date_modified": "2008-12-02 23:51:32", "value": "dvbdfdf", "source": null, "owner": 1, "date_added": "2008-12-02 23:51:32", "type": "text"}}, {"pk": 7, "model": "cmplatform.userobject", "fields": {"name": "compound", "source_class": null, "date_modified": "2008-12-03 15:07:29", "value": "{\"\":\"531\\r\\n  CML DOM -date-time2D\\r\\n\\r\\n 20 21  0  0  0  0  0  0  0  0  1 V2000\\r\\n   -1.6964     .8329     .0000 C   0  0  0  0  0  0  0  0  0  0  0  0\\r\\n   -1.2004     .3369     .0000 C   0  0  0  0  0  0  0  0  0  0  0  0\\r\\n   -2.2364     .2919     .0000 C   0  0  0  0  0  0  0  0  0  0  0  0\\r\\n   -1.2004    -.1960     .0000 C   0  0  0  0  0  0  0  0  0  0  0  0\\r\\n   -2.2364    -.1960     .0000 C   0  0  0  0  0  0  0  0  0  0  0  0\\r\\n   -1.7184    -.7140     .0000 C   0  0  0  0  0  0  0  0  0  0  0  0\\r\\n    -.6694    1.3689     .0000 O   0  0  0  0  0  0  0  0  0  0  0  0\\r\\n    -.6694     .8679     .0000 C   0  0  0  0  0  0  0  0  0  0  0  0\\r\\n    -.6604    -.7360     .0000 O   0  0  0  0  0  0  0  0  0  0  0  0\\r\\n    -.1194     .8679     .0000 N   0  0  0  0  0  0  0  0  0  0  0  0\\r\\n    -.1604    -.7360     .0000 C   0  0  0  0  0  0  0  0  0  0  0  0\\r\\n     .6705     .8679     .0000 C   0  0  0  0  0  0  0  0  0  0  0  0\\r\\n    1.0405    1.5087     .0000 C   0  0  0  0  0  0  0  0  0  0  0  0\\r\\n    1.7804    1.5087     .0000 C   0  0  0  0  0  0  0  0  0  0  0  0\\r\\n    2.1504     .8679     .0000 C   0  0  0  0  0  0  0  0  0  0  0  0\\r\\n    1.7804     .2270     .0000 C   0  0  0  0  0  0  0  0  0  0  0  0\\r\\n    1.0405     .2270     .0000 C   0  0  0  0  0  0  0  0  0  0  0  0\\r\\n     .8995    -.7360     .0000 C   0  0  0  0  0  0  0  0  0  0  0  0\\r\\n    1.2694    -.0952     .0000 O   0  0  0  0  0  0  0  0  0  0  0  0\\r\\n    1.2694   -1.3769     .0000 O   0  0  0  0  0  0  0  0  0  0  0  0\\r\\n  1  3  2  0  0  0\\r\\n  1  2  1  0  0  0\\r\\n  2  8  1  0  0  0\\r\\n  2  4  2  0  0  0\\r\\n  3  5  1  0  0  0\\r\\n  4  9  1  0  0  0\\r\\n  4  6  1  0  0  0\\r\\n  5  6  2  0  0  0\\r\\n  7  8  2  0  0  0\\r\\n  8 10  1  0  0  0\\r\\n  9 11  1  0  0  0\\r\\n 10 12  1  0  0  0\\r\\n 11 18  1  0  0  0\\r\\n 12 13  2  0  0  0\\r\\n 12 17  1  0  0  0\\r\\n 13 14  1  0  0  0\\r\\n 14 15  2  0  0  0\\r\\n 15 16  1  0  0  0\\r\\n 16 17  2  0  0  0\\r\\n 18 19  2  0  0  0\\r\\n 18 20  1  0  0  0\\r\\nM  END\\r\\n>  <NSC>\\r\\n531\\r\\n\\r\\n$$$$\\r\\n\",\"type\":\"sdf\"}", "source": null, "owner": 1, "date_added": "2008-12-03 15:07:29", "type": "sdf"}}, {"pk": 8, "model": "cmplatform.userobject", "fields": {"name": "sdf-1", "source_class": 3, "date_modified": "2008-12-21 22:01:45", "value": "\r\nOpenBabel1222D\r\n\r\n  6  5  0  0  0  0  0  0  0  0999 V2000\r\n    0.0000    0.0000    0.0000 C   0  0  0  0  0\r\n    0.0000    0.0000    0.0000 C   0  0  0  0  0\r\n    0.0000    0.0000    0.0000 C   0  0  0  0  0\r\n    0.0000    0.0000    0.0000 C   0  0  0  0  0\r\n    0.0000    0.0000    0.0000 C   0  0  0  0  0\r\n    0.0000    0.0000    0.0000 C   0  0  0  0  0\r\n  1  2  2  0  0  0\r\n  2  3  1  0  0  0\r\n  3  4  2  0  0  0\r\n  4  5  1  0  0  0\r\n  5  6  2  0  0  0\r\nM  END\r\n$$$$", "source": 1, "owner": 1, "date_added": "2008-12-21 21:46:55", "type": "text"}}, {"pk": 9, "model": "cmplatform.userobject", "fields": {"name": "output-6", "source_class": 3, "date_modified": "2008-12-21 22:03:26", "value": "\n OpenBabel1222D\n\n  5  4  0  0  0  0  0  0  0  0999 V2000\n    0.0000    0.0000    0.0000 C   0  0  0  0  0\n    0.0000    0.0000    0.0000 C   0  0  0  0  0\n    0.0000    0.0000    0.0000 C   0  0  0  0  0\n    0.0000    0.0000    0.0000 C   0  0  0  0  0\n    0.0000    0.0000    0.0000 C   0  0  0  0  0\n  1  2  1  0  0  0\n  2  3  1  0  0  0\n  3  4  1  0  0  0\n  4  5  1  0  0  0\nM  END\n", "source": 6, "owner": 1, "date_added": "2008-12-21 22:03:26", "type": "text"}}, {"pk": 26, "model": "cms.page", "fields": {"redirect_to": null, "template": "", "parent": 6, "created": "2008-12-01 15:01:58", "end_publish_date": null, "title": "All Appplications", "modified": "2008-12-01 17:17:20", "override_url": true, "start_publish_date": null, "is_editable": true, "requires_login": false, "context": "", "overridden_url": "app", "position": 1, "in_navigation": true, "slug": "all-appplications", "is_published": true}}, {"pk": 21, "model": "cms.page", "fields": {"redirect_to": null, "template": "", "parent": 7, "created": "2008-11-21 16:57:46", "end_publish_date": null, "title": "All Downloads", "modified": "2008-12-01 17:17:20", "override_url": true, "start_publish_date": null, "is_editable": true, "requires_login": false, "context": "", "overridden_url": "downloads", "position": 1, "in_navigation": true, "slug": "all", "is_published": true}}, {"pk": 15, "model": "cms.page", "fields": {"redirect_to": null, "template": "", "parent": 5, "created": "2008-11-21 16:48:49", "end_publish_date": null, "title": "Annotation Search", "modified": "2008-12-01 17:17:20", "override_url": true, "start_publish_date": null, "is_editable": true, "requires_login": false, "context": "", "overridden_url": "compounds", "position": 1, "in_navigation": true, "slug": "annotation", "is_published": true}}, {"pk": 8, "model": "cms.page", "fields": {"redirect_to": null, "template": "", "parent": 26, "created": "2008-11-07 17:29:47", "end_publish_date": null, "title": "Application Instance", "modified": "2008-12-01 17:17:19", "override_url": true, "start_publish_date": null, "is_editable": true, "requires_login": false, "context": "", "overridden_url": "app*", "position": 1, "in_navigation": false, "slug": "tool", "is_published": true}}, {"pk": 1, "model": "cms.page", "fields": {"redirect_to": 9, "template": "", "parent": null, "created": "2008-11-06 16:11:11", "end_publish_date": null, "title": "ChemMine", "modified": "2008-12-01 17:17:19", "override_url": true, "start_publish_date": null, "is_editable": true, "requires_login": false, "context": "", "overridden_url": "index", "position": 1, "in_navigation": true, "slug": "root", "is_published": true}}, {"pk": 9, "model": "cms.page", "fields": {"redirect_to": 10, "template": "", "parent": 1, "created": "2008-11-21 14:37:45", "end_publish_date": null, "title": "Home", "modified": "2008-12-01 17:17:19", "override_url": true, "start_publish_date": null, "is_editable": true, "requires_login": false, "context": "", "overridden_url": "index/home", "position": 1, "in_navigation": true, "slug": "intro", "is_published": true}}, {"pk": 10, "model": "cms.page", "fields": {"redirect_to": null, "template": "", "parent": 9, "created": "2008-11-21 14:41:37", "end_publish_date": null, "title": "Introduction", "modified": "2008-12-01 17:17:19", "override_url": true, "start_publish_date": null, "is_editable": true, "requires_login": false, "context": "", "overridden_url": "", "position": 1, "in_navigation": true, "slug": "introduction", "is_published": true}}, {"pk": 28, "model": "cms.page", "fields": {"redirect_to": null, "template": "", "parent": 27, "created": "2008-12-01 17:16:52", "end_publish_date": null, "title": "Running Application Instance", "modified": "2008-12-01 17:17:20", "override_url": true, "start_publish_date": null, "is_editable": true, "requires_login": false, "context": "", "overridden_url": "app/running*", "position": 1, "in_navigation": false, "slug": "running-application-instance", "is_published": true}}, {"pk": 24, "model": "cms.page", "fields": {"redirect_to": null, "template": "", "parent": 9, "created": "2008-11-21 17:00:27", "end_publish_date": null, "title": "Accounts", "modified": "2008-12-03 12:33:21", "override_url": true, "start_publish_date": null, "is_editable": true, "requires_login": false, "context": "", "overridden_url": "accounts", "position": 2, "in_navigation": true, "slug": "accounts", "is_published": true}}, {"pk": 5, "model": "cms.page", "fields": {"redirect_to": 15, "template": "", "parent": 1, "created": "2008-11-07 17:26:56", "end_publish_date": null, "title": "Compounds", "modified": "2008-12-01 17:17:19", "override_url": true, "start_publish_date": null, "is_editable": true, "requires_login": false, "context": "", "overridden_url": "compounds/index", "position": 2, "in_navigation": true, "slug": "compounds", "is_published": true}}, {"pk": 22, "model": "cms.page", "fields": {"redirect_to": null, "template": "", "parent": 7, "created": "2008-11-21 16:59:11", "end_publish_date": null, "title": "Data Downloads", "modified": "2008-12-01 17:17:20", "override_url": false, "start_publish_date": null, "is_editable": true, "requires_login": false, "context": "", "overridden_url": "", "position": 2, "in_navigation": true, "slug": "data", "is_published": true}}, {"pk": 27, "model": "cms.page", "fields": {"redirect_to": null, "template": "", "parent": 6, "created": "2008-12-01 17:07:56", "end_publish_date": null, "title": "Running Applications", "modified": "2008-12-01 17:17:20", "override_url": true, "start_publish_date": null, "is_editable": true, "requires_login": false, "context": "", "overridden_url": "app/running", "position": 2, "in_navigation": true, "slug": "running-applications", "is_published": true}}, {"pk": 16, "model": "cms.page", "fields": {"redirect_to": null, "template": "", "parent": 5, "created": "2008-11-21 16:49:49", "end_publish_date": null, "title": "Structural Search", "modified": "2008-12-01 17:17:20", "override_url": false, "start_publish_date": null, "is_editable": true, "requires_login": false, "context": "", "overridden_url": "", "position": 2, "in_navigation": true, "slug": "structural", "is_published": true}}, {"pk": 6, "model": "cms.page", "fields": {"redirect_to": 26, "template": "", "parent": 1, "created": "2008-11-07 17:27:19", "end_publish_date": null, "title": "Applications", "modified": "2008-12-01 17:17:19", "override_url": true, "start_publish_date": null, "is_editable": true, "requires_login": false, "context": "", "overridden_url": "app/home", "position": 3, "in_navigation": true, "slug": "applications", "is_published": true}}, {"pk": 19, "model": "cms.page", "fields": {"redirect_to": null, "template": "", "parent": 6, "created": "2008-11-21 16:53:21", "end_publish_date": null, "title": "ChemmineR", "modified": "2008-12-01 17:17:20", "override_url": false, "start_publish_date": null, "is_editable": true, "requires_login": false, "context": "", "overridden_url": "", "position": 3, "in_navigation": true, "slug": "chemminer", "is_published": true}}, {"pk": 17, "model": "cms.page", "fields": {"redirect_to": null, "template": "", "parent": 5, "created": "2008-11-21 16:50:22", "end_publish_date": null, "title": "Compound Sources", "modified": "2008-12-01 17:17:20", "override_url": false, "start_publish_date": null, "is_editable": true, "requires_login": false, "context": "", "overridden_url": "", "position": 3, "in_navigation": true, "slug": "sources", "is_published": true}}, {"pk": 11, "model": "cms.page", "fields": {"redirect_to": null, "template": "", "parent": 9, "created": "2008-11-21 15:20:04", "end_publish_date": null, "title": "Readme", "modified": "2008-12-01 17:17:19", "override_url": false, "start_publish_date": null, "is_editable": true, "requires_login": false, "context": "", "overridden_url": "", "position": 3, "in_navigation": true, "slug": "readme", "is_published": true}}, {"pk": 23, "model": "cms.page", "fields": {"redirect_to": null, "template": "", "parent": 7, "created": "2008-11-21 16:59:38", "end_publish_date": null, "title": "Software Downloads", "modified": "2008-12-01 17:17:20", "override_url": false, "start_publish_date": null, "is_editable": true, "requires_login": false, "context": "", "overridden_url": "", "position": 3, "in_navigation": true, "slug": "software", "is_published": true}}, {"pk": 12, "model": "cms.page", "fields": {"redirect_to": null, "template": "", "parent": 9, "created": "2008-11-21 15:21:52", "end_publish_date": null, "title": "2010 Project", "modified": "2008-12-01 17:17:19", "override_url": false, "start_publish_date": null, "is_editable": true, "requires_login": false, "context": "", "overridden_url": "", "position": 4, "in_navigation": true, "slug": "2010", "is_published": true}}, {"pk": 7, "model": "cms.page", "fields": {"redirect_to": 21, "template": "", "parent": 1, "created": "2008-11-07 17:27:50", "end_publish_date": null, "title": "Downloads", "modified": "2008-12-01 17:17:19", "override_url": true, "start_publish_date": null, "is_editable": true, "requires_login": false, "context": "", "overridden_url": "downloads/index", "position": 4, "in_navigation": true, "slug": "downloads", "is_published": true}}, {"pk": 18, "model": "cms.page", "fields": {"redirect_to": null, "template": "", "parent": 5, "created": "2008-11-21 16:50:50", "end_publish_date": null, "title": "Screening Database", "modified": "2008-12-01 17:17:20", "override_url": false, "start_publish_date": null, "is_editable": true, "requires_login": false, "context": "", "overridden_url": "", "position": 4, "in_navigation": true, "slug": "screen", "is_published": true}}, {"pk": 20, "model": "cms.page", "fields": {"redirect_to": null, "template": "", "parent": 6, "created": "2008-11-21 16:55:45", "end_publish_date": null, "title": "Similarity Search", "modified": "2008-12-01 17:17:20", "override_url": false, "start_publish_date": null, "is_editable": true, "requires_login": false, "context": "", "overridden_url": "", "position": 4, "in_navigation": true, "slug": "similarity-search", "is_published": true}}, {"pk": 25, "model": "cms.page", "fields": {"redirect_to": null, "template": "", "parent": 7, "created": "2008-11-21 17:38:08", "end_publish_date": null, "title": "new software", "modified": "2008-12-01 17:17:20", "override_url": false, "start_publish_date": null, "is_editable": true, "requires_login": false, "context": "", "overridden_url": "", "position": 4, "in_navigation": true, "slug": "new-software", "is_published": true}}, {"pk": 13, "model": "cms.page", "fields": {"redirect_to": null, "template": "", "parent": 9, "created": "2008-11-21 15:22:16", "end_publish_date": null, "title": "Protocols", "modified": "2008-12-01 17:17:19", "override_url": false, "start_publish_date": null, "is_editable": true, "requires_login": false, "context": "", "overridden_url": "", "position": 5, "in_navigation": true, "slug": "protocols", "is_published": true}}, {"pk": 14, "model": "cms.page", "fields": {"redirect_to": null, "template": "", "parent": 9, "created": "2008-11-21 15:22:25", "end_publish_date": null, "title": "Links", "modified": "2008-12-01 17:17:20", "override_url": false, "start_publish_date": null, "is_editable": true, "requires_login": false, "context": "", "overridden_url": "", "position": 6, "in_navigation": true, "slug": "links", "is_published": true}}, {"pk": 1, "model": "cms.pagecontent", "fields": {"page_topic": "", "page_title": "", "template": "", "language": "en", "created": "2008-11-06 16:14:22", "title": "", "description": "", "allow_template_tags": true, "modified": "2008-11-21 15:12:48", "slug": "", "content": "tsestst dfd dsfd", "content_type": "text", "keywords": "", "position": "", "page": 1, "is_published": true}}, {"pk": 2, "model": "cms.pagecontent", "fields": {"page_topic": "", "page_title": "", "template": "", "language": "en", "created": "2008-11-21 15:49:13", "title": "", "description": "", "allow_template_tags": false, "modified": "2008-11-21 16:16:05", "slug": "", "content": "h1. Welcome to ChemMine \r\n\r\nChemMine is a compound mining database that facilitates drug and agrochemical discovery and chemical genomics screens. Its web service is divided into three major functional components:\r\n\r\n# Compound Database\r\n# Cheminformatics Workbench\r\n# Screening Database\r\n\r\nA detailed tutorial for using ChemMine's online services is available on the \"ReadMe\":readme page.\r\n\r\n[readme]/intro/readme/", "content_type": "textile", "keywords": "", "position": "", "page": 10, "is_published": true}}]
